Date,BTC,ETH,ADA,DOT,LINK,DOGE,XLM,BNB,USDT
8/18/20,11945.01,421.95,0.13691,3.1,16.1927,0.003476,0.10807,22.9705,1.00272
8/19/20,11754.59,407.46,0.12966,2.95,16.1863,0.0034196,0.10222,22.3761,1.002408
8/20/20,11853.55,415.94,0.13413,2.9,16.0483,0.0034399,0.10728,23.0888,1.000409
8/21/20,11531.34,387.97,0.12315,2.833,13.8325,0.0033776,0.09949,22.0988,1.004549
8/22/20,11662.96,395.24,0.12515,4.4546,15.8078,0.0034331,0.10223,22.2044,1.000956
8/23/20,11648.13,390.71,0.12141,3.9779,15.1428,0.0033955,0.10293,21.8555,1.002345
8/24/20,11748.2,407.68,0.12361,4.5759,15.1419,0.0034116,0.10294,22.5953,1.001976
8/25/20,11318.42,382.93,0.11239,5.5412,14.1164,0.0032907,0.09714,21.3882,1.002365
8/26/20,11461.43,385.81,0.11435,6.0708,15.2,0.0032939,0.09804,22.1999,1.001853
8/27/20,11330.38,383.27,0.10725,5.6547,14.5234,0.0031997,0.09376,23.1127,1.002206
8/28/20,11526.91,395.11,0.10927,6.1812,15.1207,0.0032637,0.09569,23.0811,1.002036
8/29/20,11465.84,398.65,0.11623,6.1333,16.3612,0.0032749,0.09615,22.9398,1.002824
8/30/20,11711.16,428.94,0.11747,5.8912,16.4788,0.0032981,0.09821,23.6208,1.001173
8/31/20,11649.51,433.79,0.12253,6.2718,15.5772,0.0032073,0.09678,23.1477,1.003191
9/1/20,11921.97,475.4,0.12445,6.239,16.0333,0.0032411,0.09881,24.7028,1.003957
9/2/20,11388.54,439.5,0.11489,6.1374,14.7982,0.0031161,0.09228,24.7652,1.001828
9/3/20,10140.85,381.4,0.09446,5.6743,11.8895,0.0027692,0.07781,20.3592,1.005495
9/4/20,10446.25,385.26,0.10156,5.1019,12.3708,0.0028797,0.08074,20.9712,1.003686
9/5/20,10166.69,335.01,0.09,4.1456,10.6017,0.002764,0.07541,19.4698,1.000151
9/6/20,10256.2,352.8,0.0926,4.784,12.8044,0.0027859,0.07742,23.142,1.002838
9/7/20,10373.44,353.59,0.0936,4.5944,12.47,0.0028151,0.07867,22.4426,1.000537
9/8/20,10126.65,337.39,0.09101,4.2787,11.746,0.002747,0.07745,23.2837,1.001025
9/9/20,10219.2,350.85,0.09331,4.7003,12.3444,0.002779,0.07832,24.4716,1.002102
9/10/20,10336.87,367.93,0.09709,4.5796,12.4957,0.0028077,0.08117,24.5489,1.001457
9/11/20,10387.89,373.63,0.09701,4.6498,12.4406,0.0027956,0.08374,25.399,1.001517
9/12/20,10440.92,387.78,0.09771,5.1385,12.7187,0.0028141,0.08382,28.505,1.001307
9/13/20,10332.83,366.42,0.09507,5.3213,12.067,0.002783,0.08001,31.1656,0.999213
9/14/20,10671.77,377.12,0.09663,5.3555,12.1374,0.0027851,0.08021,31.2523,1.001289
9/15/20,10785.31,364.06,0.09313,5.0535,10.9314,0.0028278,0.07778,27.1181,1.002487
9/16/20,10954.01,365.11,0.09151,5.0712,10.7367,0.0028053,0.07999,27.8695,1.003444
9/17/20,10939.99,389.36,0.09408,5.3354,11.0139,0.0028078,0.08043,27.095,1.001878
9/18/20,10933.39,384.39,0.09093,5.2616,10.094,0.0027892,0.07825,27.629,0.999502
9/19/20,11080.65,385.25,0.09141,4.924,10.1209,0.0027901,0.07857,27.2035,1.002017
9/20/20,10920.28,371.04,0.08936,4.6518,9.7357,0.0027729,0.07693,26.316,1.002654
9/21/20,10417.22,340.36,0.07983,4.0691,8.7114,0.0025972,0.06996,23.1232,1.003263
9/22/20,10529.61,344.21,0.08146,4.1625,8.7401,0.0026432,0.07167,24.0468,1.001444
9/23/20,10241.46,320.72,0.07663,4.0077,7.6364,0.0025444,0.0674,22.8331,1.002652
9/24/20,10736.32,348.97,0.08254,4.3782,9.87,0.0026297,0.07043,24.5745,1.002381
9/25/20,10686.67,351.92,0.09693,4.4139,10.7279,0.0027015,0.07467,24.6924,1.002644
9/26/20,10728.6,353.92,0.09547,4.3308,10.3169,0.0026972,0.07385,26.1998,1.002689
9/27/20,10774.25,357.49,0.1013,4.2962,10.7939,0.0026954,0.07335,26.251,1.000534
9/28/20,10696.12,353.96,0.1003,4.4501,10.283,0.0026504,0.07323,26.9855,1.002695
9/29/20,10840.48,359.79,0.1011,4.4969,10.135,0.0026727,0.07407,28.8946,1.001193
9/30/20,10776.59,359.83,0.10136,4.3458,9.8694,0.002635,0.07484,29.2656,1.002569
10/1/20,10619.13,352.85,0.09804,4.3468,9.6394,0.0026246,0.07314,27.4673,0.999962
10/2/20,10570.4,345.6,0.09286,4.1282,9.2167,0.0025902,0.07096,27.3369,1.001953
10/3/20,10542.06,345.95,0.09328,4.0607,9.269,0.0025955,0.071,28.1867,1.002561
10/4/20,10666.63,352.37,0.09686,4.177,9.3922,0.002633,0.0729,28.9668,1.001763
10/5/20,10792.21,353.62,0.09738,4.1621,9.6176,0.0026182,0.07331,28.6158,1.001419
10/6/20,10599.66,340.75,0.09289,3.7465,8.7689,0.002597,0.07237,27.6812,1.001835
10/7/20,10666.39,341.58,0.09374,3.8517,8.9799,0.0025895,0.07233,27.6898,1.000901
10/8/20,10925.57,350.95,0.09632,4.1163,9.5594,0.0026098,0.07311,27.7424,1.001632
10/9/20,11050.64,365.02,0.10129,4.2541,10.3959,0.0026556,0.07502,28.4076,1.000884
10/10/20,11293.22,370.52,0.10493,4.2606,10.5198,0.0026621,0.0773,28.4414,1.000884
10/11/20,11369.02,374.16,0.10648,4.245,10.8515,0.0026701,0.07713,28.5271,1.000734
10/12/20,11528.25,386.51,0.10945,4.3075,11.4259,0.002667,0.07761,30.6503,1.001007
10/13/20,11420.56,381.04,0.10925,4.2473,11.0016,0.0026385,0.07635,30.7256,1.001007
10/14/20,11417.89,378.69,0.10703,4.1829,10.8896,0.002639,0.07398,30.838,1.001007
10/15/20,11505.12,377.64,0.10666,4.099,10.7483,0.0025953,0.07408,31.3256,1.000796
10/16/20,11319.32,365.5,0.10414,3.9106,10.5877,0.002604,0.07909,30.0516,1.001047
10/17/20,11360.2,368.32,0.10598,3.9663,10.6267,0.0025834,0.08152,30.2414,1.000697
10/18/20,11503.14,378.11,0.10735,4.1068,10.9409,0.0025874,0.07942,30.6593,1.000784
10/19/20,11751.47,379.3,0.10859,3.986,10.9147,0.0025921,0.0852,29.9107,1.000853
10/20/20,11909.99,368.52,0.10238,3.9034,9.8589,0.0025944,0.08075,28.8227,1.000985
10/21/20,12780.96,390.38,0.10589,4.1352,10.7863,0.002623,0.08358,29.7329,1.001834
10/22/20,12968.52,413.98,0.11077,4.2683,11.9539,0.002646,0.08552,30.6396,1.001091
10/23/20,12923.07,409.11,0.10805,4.2633,12.1586,0.0026423,0.08368,30.6377,1.000657
10/24/20,13111.73,412.14,0.10797,4.3536,12.7001,0.0026365,0.08561,30.6639,1.000909
10/25/20,13028.83,405.86,0.10639,4.331,12.1481,0.0026528,0.08304,30.128,1.000721
10/26/20,13052.19,392.52,0.10306,4.7031,11.7096,0.002665,0.08104,31.0467,1.000958
10/27/20,13636.17,403.45,0.10256,4.6721,11.9224,0.0026702,0.08183,31.4826,1.000223
10/28/20,13266.4,388.23,0.09869,4.357,11.4403,0.0025801,0.07832,30.3338,1.00034
10/29/20,13455.7,387.13,0.09531,4.0605,11.2772,0.0025733,0.0775,29.8702,1.000349
10/30/20,13560.1,382.49,0.0933,4.0845,11.09,0.0025833,0.07669,28.4909,1.000904
10/31/20,13791,386.46,0.093,4.1854,11.2277,0.0025666,0.07775,28.5058,1.0002
11/1/20,13761.5,396.67,0.09827,4.2211,11.5722,0.0025745,0.07861,28.5318,1.000379
11/2/20,13549.37,383.02,0.09221,4.0316,10.7814,0.0025162,0.07557,27.7983,1.000523
11/3/20,14023.53,387.88,0.09357,4.0362,10.3911,0.0025141,0.07542,26.8638,1.000552
11/4/20,14144.01,402.49,0.0955,4.0969,10.4713,0.002546,0.07456,26.96,1.001079
11/5/20,15590.02,416.69,0.09752,4.2229,10.9794,0.0026347,0.08039,27.6875,1.00042
11/6/20,15579.92,455.91,0.1091,4.5826,12.1687,0.002757,0.08388,29.0435,1.000296
11/7/20,14818.3,435.21,0.10128,4.2341,11.7638,0.00267,0.07952,27.7651,1.001576
11/8/20,15475.1,454.3,0.10655,4.3736,12.71,0.002707,0.0815,28.4101,1.000846
11/9/20,15328.41,444.32,0.10561,4.3463,12.5107,0.002672,0.0797,28.0941,1.000653
11/10/20,15297.21,450.34,0.1059,4.4231,13.0017,0.002761,0.07967,28.2188,1.001127
11/11/20,15684.24,463.09,0.10599,4.4461,12.753,0.002758,0.08039,28.016,1.000985
11/12/20,16291.86,462.39,0.1046,4.4042,12.4038,0.0027788,0.08069,27.6874,1.000509
11/13/20,16320.7,476.43,0.10629,4.5425,12.8687,0.0028114,0.08249,28.1974,1.000345
11/14/20,16070.45,460.89,0.10411,4.4637,12.5574,0.0027689,0.08094,27.9311,1.000288
11/15/20,15957,448.08,0.10046,4.3664,12.1192,0.0027718,0.08009,27.6786,1.000647
11/16/20,16713.57,460.55,0.10387,4.4983,12.6223,0.00289,0.0825,27.9451,1.000412
11/17/20,17659.38,482.15,0.10947,4.8569,13.3944,0.0029398,0.0865,28.5552,1.00084
11/18/20,17776.12,478.41,0.10658,4.6797,13.5598,0.0029085,0.08365,28.0931,1.000399
11/19/20,17802.82,471.25,0.1059,4.7567,13.6187,0.0029068,0.08401,28.1387,1.000781
11/20/20,18655.67,510.12,0.11828,5.23,14.0933,0.002987,0.08853,28.9715,1.000427
11/21/20,18703.8,552.35,0.13334,5.7824,15.4511,0.0035132,0.109,30.5161,0.998874
11/22/20,18414.43,560.03,0.14599,5.524,14.5098,0.0033415,0.10426,30.0226,0.999203
11/23/20,18368,608.58,0.15445,5.9093,15.2746,0.0036845,0.13231,30.995,1.000092
11/24/20,19160.01,604.97,0.16721,5.7334,15.6703,0.0042592,0.19571,33.9407,0.999808
11/25/20,18719.11,569.5,0.15473,5.3018,14.2016,0.0037081,0.19295,31.2953,1.000053
11/26/20,17149.47,519.83,0.13843,4.809,12.603,0.0032492,0.16835,28.2356,1.002035
11/27/20,17139.52,518.68,0.14178,4.8151,12.4989,0.0032752,0.20699,28.4606,1.0012
11/28/20,17719.85,537.52,0.16489,4.8939,13.0853,0.0033945,0.20021,29.1766,1.001001
11/29/20,18184.99,576.3,0.16663,5.192,13.38,0.0034365,0.19423,30.1045,1.00089
11/30/20,19695.87,616.66,0.17204,5.3767,14.2677,0.003561,0.20295,31.4935,1.000377
12/1/20,18764.96,585.26,0.15562,5.0806,13.3461,0.0033211,0.18382,30.1996,1.001323
12/2/20,19204.09,596.89,0.15845,5.4645,13.9799,0.0033624,0.18514,30.2875,1.000671
12/3/20,19421.9,615.85,0.16398,5.3997,13.9749,0.003429,0.18436,30.7065,1.00084
12/4/20,18650.52,567.24,0.14781,5,12.68,0.003283,0.16154,29.0231,1.000237
12/5/20,19147.66,596.8,0.15993,5.1806,13.1748,0.0033917,0.1717,29.728,1.000545
12/6/20,19359.4,601.54,0.15873,5.1268,13.5057,0.0033857,0.17593,29.5026,1.001203
12/7/20,19166.9,591.28,0.15401,5.0569,13.0704,0.003336,0.16804,29.37,1.000571
12/8/20,18324.11,554.94,0.1412,4.7399,12.1356,0.0031723,0.15263,27.6705,0.999706
12/9/20,18541.28,573.09,0.14796,4.8728,12.6212,0.0031562,0.17206,28.1452,1.000384
12/10/20,18254.63,558.99,0.14188,4.8003,11.9172,0.0031043,0.16073,27.6926,1.000253
12/11/20,18036.53,544.43,0.13926,4.612,11.6335,0.0030732,0.15077,27.3419,1.000458
12/12/20,18808.69,568.04,0.14438,4.7385,12.2259,0.0031609,0.15888,28.1603,1.000464
12/13/20,19174.99,590.7,0.15406,4.8957,12.9392,0.00326,0.1761,29.1571,0.999952
12/14/20,19273.14,586.29,0.15877,4.8969,12.8502,0.003226,0.1702,30.0338,0.999932
12/15/20,19426.43,588.64,0.15381,5.2391,12.6818,0.0032078,0.1661,29.5053,1.000917
12/16/20,21335.52,637.18,0.16814,5.3647,13.4852,0.0034183,0.19321,30.5577,0.999979
12/17/20,22797.16,642.7,0.16336,5.3455,13.444,0.003722,0.18612,30.2255,0.999838
12/18/20,23107.39,653.85,0.16502,5.3549,13.5001,0.0038675,0.18525,30.9882,1.000868
12/19/20,23821.61,658.03,0.16433,5.3358,13.4747,0.0039291,0.18139,33.3167,1.000499
12/20/20,23455.52,638.18,0.16201,5.1868,13.0604,0.0046381,0.17666,34.3148,0.999643
12/21/20,22719.71,607.58,0.15278,4.8702,12.3049,0.0047784,0.16519,32.05,0.999827
12/22/20,23810.79,636.45,0.15646,5.155,12.7842,0.0045159,0.16212,33.5151,0.999641
12/23/20,23232.76,585.56,0.13635,4.7149,10.9736,0.0037449,0.12661,31.1843,0.999426
12/24/20,23729.2,612.31,0.15304,5.1116,11.5724,0.0045731,0.15818,32.4895,0.999931
12/25/20,24712.47,626.82,0.15761,5.2099,11.5543,0.0045549,0.15238,33.1996,1.000168
12/26/20,26493.39,637.44,0.15839,5.1924,10.9809,0.0045131,0.14673,33.6361,0.998481
12/27/20,26281.66,685.11,0.15467,5.1455,12.1541,0.004547,0.14527,33.674,0.998854
12/28/20,27079.41,730.41,0.17627,6.5982,12.6081,0.0046015,0.14448,35.951,0.998603
12/29/20,27385,732,0.19067,7.5402,11.7786,0.0045012,0.13831,39.0667,0.99859
12/30/20,28875.54,752.17,0.18389,7.2282,11.2435,0.0046251,0.13175,38.1558,1.000275
12/31/20,28923.63,736.42,0.18134,9.2619,11.2364,0.0046709,0.12762,37.3588,1.000598
1/1/21,29331.69,728.91,0.17509,8.2776,11.8477,0.00568,0.13207,37.7762,1.001916
1/2/21,32178.33,774.56,0.17742,9.2037,12.2215,0.0105264,0.12751,38.2331,1.0006
1/3/21,33000.05,978.28,0.20615,10.1307,13.6814,0.0098209,0.13653,41.2575,1.000514
1/4/21,31988.71,1041.43,0.22528,9.5126,13.5935,0.0097613,0.16404,41.1333,1.000128
1/5/21,33949.53,1099.56,0.25873,9.7084,14.5162,0.00997,0.19291,41.8219,1.002202
1/6/21,36769.36,1208.42,0.33309,10.0679,17.2322,0.01042,0.33938,42.2417,1.001528
1/7/21,39432.28,1224.87,0.29928,9.6439,15.9628,0.0097439,0.31124,43.5728,1.0004
1/8/21,40582.81,1216.93,0.30389,9.2998,15.2381,0.00974,0.297,42.356,1.000045
1/9/21,40088.22,1276,0.33062,9.7354,17.5501,0.0101789,0.31054,43.8479,1.002947
1/10/21,38150.02,1254.25,0.30153,9.2911,16.206,0.00982,0.2845,42.4031,1.000223
1/11/21,35404.47,1087.01,0.2757,8.2691,14.6393,0.0088326,0.27119,38.1674,1.000587
1/12/21,34051.24,1050.16,0.28888,8.3078,13.9655,0.0080807,0.27993,38.2541,1.000414
1/13/21,37371.38,1129.89,0.3123,10.9486,15.9356,0.0086738,0.30356,40.1114,1.000017
1/14/21,39144.5,1231.62,0.31201,14.4867,17.9804,0.0093907,0.3035,41.8723,0.998964
1/15/21,36742.22,1168.53,0.30188,13.1679,20.7375,0.0093525,0.28374,40.8668,0.999845
1/16/21,35994.98,1227.83,0.35071,17.9893,20.1054,0.0092374,0.29075,43.142,1.000195
1/17/21,35828.61,1232.45,0.38081,17.0832,23.2819,0.0090987,0.3038,45.8675,1.000414
1/18/21,36631.27,1258.45,0.37123,16.5898,22.0336,0.0091782,0.30544,45.3412,1.000804
1/19/21,35891.49,1365.36,0.3672,16.3933,20.5557,0.0090428,0.29748,42.5241,1.000436
1/20/21,35468.23,1376.99,0.37532,17.9808,21.8482,0.0090487,0.29358,42.6069,1.000686
1/21/21,30850.13,1110.96,0.30785,15.9818,18.4119,0.0081581,0.2514,38.6343,0.999696
1/22/21,32945.17,1232.62,0.34867,17.1207,21.5519,0.0085075,0.26941,40.8936,1.00135
1/23/21,32078,1233.6,0.34583,18.7446,24.8046,0.0085779,0.26977,40.9109,1.000555
1/24/21,32259.9,1392.51,0.35345,17.9745,24.7935,0.0087135,0.27138,41.8263,1.001417
1/25/21,32254.2,1317.88,0.34308,17.207,23.3418,0.0083509,0.26102,41.8347,0.999971
1/26/21,32467.77,1365.97,0.3433,17.1013,23.0981,0.0082472,0.26144,41.8396,1.001081
1/27/21,30366.15,1239.03,0.31144,15.43,20.9586,0.0074124,0.23779,40.8826,1.001764
1/28/21,33364.86,1329.69,0.34409,16.8643,23.0145,0.0364995,0.29306,42.5254,1.001079
1/29/21,34252.2,1379.5,0.34752,16.7968,22.748,0.0459059,0.29322,42.8618,1.000486
1/30/21,34262.88,1378.05,0.364,16.5349,23.6399,0.02826,0.32791,44.7849,1.001243
1/31/21,33092.98,1312.55,0.34475,16.1128,22.5613,0.037,0.30704,44.3292,1.000808
2/1/21,33526.37,1374.17,0.40876,16.4385,22.8757,0.0348173,0.32323,51.4781,1.000645
2/2/21,35466.24,1511.87,0.42498,17.1765,23.6582,0.0313489,0.33932,51.0071,1.001427
2/3/21,37618.87,1664.49,0.44189,20.8538,25.087,0.0372597,0.3467,52.12,1.001013
2/4/21,36936.66,1595.67,0.43934,19.6677,24.492,0.0529081,0.32569,55.9599,1.000804
2/5/21,38290.24,1719.19,0.53917,20.84,26.3034,0.0467193,0.35155,67.7005,1.000131
2/6/21,39186.94,1676.35,0.63444,20.3734,25.0231,0.0576559,0.37739,72.8356,1.001129
2/7/21,38795.69,1611.62,0.66109,19.7345,24.7254,0.0779247,0.3854,68.3542,1.001211
2/8/21,46374.87,1750.15,0.67638,22.9853,25.4115,0.0787,0.3966,79.8374,1.001044
2/9/21,46420.42,1769.13,0.70562,23.0846,27.6034,0.0700121,0.40022,107.3469,1.001232
2/10/21,44807.58,1740.78,0.93966,23.5821,26.8121,0.0725527,0.41495,128.9711,1.000722
2/11/21,47969.51,1785.62,0.92796,25.0224,27.8475,0.069583,0.45604,124.085,1.000367
2/12/21,47287.6,1840.26,0.92426,28.6555,30.6265,0.0697675,0.52853,136.6139,1.001692
2/13/21,47153.69,1814.96,0.91299,27.9364,34.1941,0.0662405,0.56456,133.3496,1.000828
2/14/21,48577.79,1800.42,0.84364,26.8724,33.1565,0.0626783,0.51591,135.8623,1.000746
2/15/21,47911.1,1779.25,0.86143,27.8021,32.5899,0.0565,0.49474,130.303,1.00025
2/16/21,49133.45,1781.99,0.87,30.0832,31.9632,0.053476,0.48534,130.183,1.000403
2/17/21,52119.71,1849.88,0.89206,31.9862,32.2324,0.0495187,0.49737,165.3233,1.00037
2/18/21,51552.6,1939.61,0.91442,31.11,32.4801,0.0587991,0.49656,195.6,1.000019
2/19/21,55906,1955,0.92581,34.824,34.6846,0.055033,0.51278,333.111,1.000201
2/20/21,55841.19,1913,1.11568,38.942,33.9387,0.0541708,0.48613,253,1.000068
2/21/21,57408.57,1933.53,1.09894,39.5863,34.0915,0.0560183,0.49601,295.2597,1.000332
2/22/21,54087.67,1777.58,1.09703,37.6143,31.4542,0.0535557,0.46363,267.5147,1.000111
2/23/21,48891,1577.89,0.96197,34.5325,25.9249,0.0476562,0.38652,231.3646,1.000032
2/24/21,49676.2,1623.39,1.04902,33.6396,28.0851,0.0567911,0.40538,254.5056,1.000757
2/25/21,47073.73,1481.75,1.07691,31.2341,24.7144,0.0499138,0.38022,234.9146,1.000149
2/26/21,46276.87,1444.59,1.24303,31.4362,25.1862,0.0504768,0.4003,221.717,0.999994
2/27/21,46106.43,1458.13,1.31402,33.4575,26.1896,0.0500725,0.43792,225.3853,1.001178
2/28/21,45135.66,1419.18,1.31203,33.8,24.7016,0.0481582,0.40587,210.2138,1.002115
3/1/21,49587.03,1569.86,1.29627,35.6273,27.7116,0.0505933,0.43069,254.9637,1.000409
3/2/21,48440.65,1486.78,1.2228,36.1393,28.4769,0.050364,0.41856,239.6841,1.001022
3/3/21,50349.37,1567.69,1.21311,37.0985,29.85,0.0504146,0.42052,240.5701,1.000417
3/4/21,48374.09,1539.23,1.11239,35.2166,27.6943,0.0499865,0.41182,229.6369,1.000074
3/5/21,48751.71,1528.31,1.15908,33.6194,27.8343,0.0495285,0.40483,225.4714,1.000819
3/6/21,48882.2,1650.35,1.129,33.3596,28.1479,0.0509588,0.40142,226.3814,1.00019
3/7/21,50971.75,1726.16,1.13042,35.095,28.5932,0.0519871,0.41265,240.11,1.000318
3/8/21,52375.17,1833.18,1.11848,34.9737,31.8469,0.0629738,0.41821,240.5509,1.000432
3/9/21,54884.5,1870.51,1.1972,38.1882,31.4914,0.0579117,0.43186,293.2052,1.000668
3/10/21,55851.59,1795.12,1.13261,37.5494,29.9036,0.0558692,0.40889,278.4499,1.000526
3/11/21,57773.16,1825.78,1.1243,36.9026,30.1166,0.0559286,0.40564,290.0301,1.000583
3/12/21,57221.72,1766.1,1.03207,35.9551,28.3553,0.0552731,0.38657,263.2201,1.000343
3/13/21,61188.39,1922.35,1.1,37.1418,29.7384,0.0627892,0.40661,276.2822,0.999845
3/14/21,58968.31,1848.1,1.05243,36.4427,28.5469,0.058221,0.38831,263.238,0.999791
3/15/21,55605.2,1793.48,1.03103,34.2963,27.5091,0.0569691,0.38429,254.5144,1.000374
3/16/21,56900.75,1805.12,1.24924,35.3987,27.9099,0.0586507,0.39563,258.5352,1.000058
3/17/21,58912.97,1823.58,1.377,36.1036,31.0579,0.057892,0.40268,269.7896,0.999083
3/18/21,57648.16,1776.08,1.22925,35.3399,29.3949,0.0573485,0.39439,261.4816,1.000925
3/19/21,58030.01,1809.1,1.29474,38.1735,29.777,0.0582472,0.39486,262.935,1.002632
3/20/21,58102.28,1806.1,1.20046,37.2279,29.6465,0.0588186,0.41577,264.3023,1.00223
3/21/21,57351.56,1782.98,1.18561,36.6851,29.2097,0.0574781,0.40347,264.6513,1.00128
3/22/21,54083.25,1680.97,1.1015,35.2338,27.2431,0.054888,0.39238,254.7976,1.001811
3/23/21,54340.89,1668.08,1.11639,34.2174,26.7813,0.0533532,0.39518,255.4646,1.001195
3/24/21,52303.65,1581.84,1.06902,30.2209,24.8684,0.0514996,0.36153,248.5236,1.001301
3/25/21,51293.78,1585.74,1.0956,29.8059,25.535,0.051266,0.36112,233.9466,1.001016
3/26/21,55025.59,1698.84,1.2142,33.1782,27.3927,0.053931,0.3846,255.2105,1.001222
3/27/21,55817.14,1712.63,1.17678,32.5884,26.8766,0.054436,0.38185,269.2234,1.000601
3/28/21,55777.63,1687.01,1.18983,32.2331,26.6588,0.0536656,0.39755,268.4263,1.000607
3/29/21,57635.47,1816.74,1.20239,34.3403,28.0357,0.054124,0.40446,275.2991,0.999759
3/30/21,58746.57,1840.46,1.21189,33.9778,27.8301,0.0540003,0.40076,311.2962,1.000896
3/31/21,58740.55,1919.37,1.19191,37.0765,29.4167,0.0537699,0.4056,302.3724,1.00002
4/1/21,58720.44,1968.05,1.18377,37.461,30.0684,0.062151,0.4243,334.7991,1.000464
4/2/21,58950.01,2133.69,1.18998,41.0271,32.4864,0.0575849,0.43897,338.2932,1.000576
4/3/21,57051.94,2008.52,1.16238,41.3802,29.293,0.0555113,0.40809,321.9497,1.003085
4/4/21,58202.01,2075.69,1.18206,44.3135,30.7471,0.0573943,0.42851,348.8617,1.003402
4/5/21,59129.99,2107.38,1.2118,45.8003,32.3791,0.0599992,0.53706,368.0263,1.000254
4/6/21,57991.15,2112.21,1.252,43.35,34.725,0.0644047,0.54206,403.3648,1.00168
4/7/21,55953.45,1963.47,1.17359,39.5013,31.109,0.0587769,0.47257,375.5538,1.001855
4/8/21,58077.52,2080.46,1.21926,41.334,32.7884,0.0617838,0.505,418.7048,1.000167
4/9/21,58142.54,2066.87,1.20201,40.8085,31.5893,0.0615878,0.48607,453.9937,1.001098
4/10/21,59769.13,2133.49,1.21747,41.5868,31.8944,0.0637167,0.56192,471.2975,1.000469
4/11/21,60002.43,2151.36,1.26355,41.3196,33.8811,0.07433,0.5844,525.9275,1.002177
4/12/21,59860,2137.69,1.31431,40.46,33.108,0.0707343,0.59051,596.7104,0.999937
4/13/21,63575,2299.19,1.41246,42.9301,35.5217,0.094402,0.65701,551.6442,0.999275
4/14/21,62959.53,2432.6,1.45092,42.5171,41.3641,0.1214329,0.63505,550.0182,1.00159
4/15/21,63159.98,2514.04,1.4782,43.4318,42.5601,0.1823599,0.63966,541.8824,1.000877
4/16/21,61334.8,2422.67,1.40989,41.3898,41.9861,0.3654434,0.61005,508.2743,1.002345
4/17/21,60006.66,2317.6,1.36802,42.0577,39.9137,0.2822532,0.59137,514.6861,1.01153
4/18/21,56150.01,2235.64,1.27693,37.363,39.0799,0.3223299,0.54459,481.4367,1.000104
4/19/21,55633.14,2161.12,1.1945,34.7373,35.7359,0.408903,0.49982,504.0322,0.999865
4/20/21,56425,2330.03,1.26689,35.4133,38.9954,0.3173205,0.52877,586.3635,0.999938
4/21/21,53787.63,2357.06,1.20358,33.7953,36.2274,0.3058251,0.48894,543.6327,0.999932
4/22/21,51690.96,2397.94,1.144,32.9571,35.1306,0.2606615,0.44951,505.2411,1.00009
4/23/21,51125.14,2367.39,1.15866,32.2323,35.2121,0.2498155,0.45069,526.5357,1.000162
4/24/21,50047.84,2213.35,1.10287,28.9629,31.2443,0.27,0.42507,496.992,0.999909
4/25/21,49066.77,2320.49,1.0913,29.83,31.692,0.25159,0.4162,505,0.999934
4/26/21,54001.39,2532.6,1.2375,33.4,35.13,0.27161,0.486,535.33,1.000042
4/27/21,55011.97,2666.13,1.3063,34.845,36.788,0.27232,0.50963,568.78,1.000062
4/28/21,54846.22,2748.24,1.3379,33.972,36.233,0.32311,0.49687,562.78,1.000052
4/29/21,53555,2757.04,1.3063,35.979,36.467,0.30479,0.49162,599.7,0.999966
4/30/21,57694.27,2772.42,1.3532,36.522,38.1,0.33746,0.52966,622.65,1.000009
5/1/21,57800.37,2944.77,1.3516,36.908,41.257,0.39087,0.54,620,1.000111
5/2/21,56578.21,2949.56,1.3267,36.626,39.461,0.37397,0.55601,621.78,1.000132
5/3/21,57169.39,3431.04,1.3622,37.25,42.052,0.44142,0.55044,676.15,1.000165
5/4/21,53200.01,3239.01,1.2698,34.777,45.527,0.53854,0.50152,609.3,0.999951
5/5/21,57436.11,3524.26,1.4798,40.422,49.575,0.654,0.60473,651.1,0.999875
5/6/21,56393.68,3489.73,1.6491,41.588,47.154,0.58106,0.65085,633.99,1.000169
5/7/21,57314.75,3479.53,1.653,39.864,49.129,0.68982,0.63063,624.3,1.000166
5/8/21,58862.05,3910.26,1.6211,39.899,48.597,0.63708,0.6138,646.1,1.000078
5/9/21,58240.84,3923.95,1.7663,40.3,52.269,0.57063,0.62804,661.74,1.000058
5/10/21,55816.14,3945.88,1.6423,36.488,46.334,0.45074,0.65643,631.1,1.000137
5/11/21,56670.02,4173.45,1.7632,38.637,48.826,0.49326,0.73465,671.91,0.999967
5/12/21,49631.32,3823.21,1.5694,35.128,41.622,0.3916,0.59554,594.65,0.999993
5/13/21,49670.97,3717.91,1.9296,39.988,43.287,0.48945,0.65366,571.1,0.999868
5/14/21,49841.45,4075.01,2.0069,47.979,46.567,0.55971,0.66885,602.61,0.999965
5/15/21,46762.99,3646.68,2.1744,43.643,41.492,0.50855,0.68081,563.41,0.999823
5/16/21,46431.5,3582.1,2.3002,42.436,40.67,0.5137,0.71027,564.32,0.999975
5/17/21,43538.04,3282.51,2.0307,38.693,37.177,0.4875,0.64323,512.07,0.999802
5/18/21,42849.78,3375.07,2.0036,40.595,42.566,0.47574,0.6454,507.88,1.00068
5/19/21,36690.09,2438.92,1.4663,25.044,26.227,0.32945,0.44315,334.8,1.001616
5/20/21,40526.64,2768.62,1.8006,28.958,30.606,0.39758,0.49469,391.17,1.001852
5/21/21,37252.01,2430.98,1.5493,24.399,25.546,0.35778,0.41884,326.01,1.001888
5/22/21,37449.73,2294.87,1.4629,22.057,23.296,0.34199,0.38917,299.76,1.001555
5/23/21,34655.25,2096.39,1.3139,17.912,19.844,0.30633,0.362,260.72,1.001674
5/24/21,38796.29,2648.43,1.55,23.261,26.412,0.36589,0.43964,345.64,1.001472
5/25/21,38324.72,2705.11,1.5532,22.16,27.503,0.34598,0.42922,343.18,1.001149
5/26/21,39241.91,2884.94,1.7791,24.528,34.018,0.35284,0.44368,379.16,1.001766
5/27/21,38529.98,2742.23,1.6552,23.982,31.732,0.33403,0.42058,369.67,1.000991
5/28/21,35663.49,2412.1,1.5133,21.35,27.878,0.31123,0.39933,328.82,1.000481
5/29/21,34605.15,2278.74,1.4029,19.868,25.365,0.3028,0.36728,305.04,1.000392
5/30/21,35641.27,2385.98,1.5751,20.465,26.818,0.30179,0.37466,325.57,1.000063
5/31/21,35283.19,2356.99,1.5565,20.41,26.529,0.29864,0.40243,321.62,1.000533